商品名,ブランド名,大カテゴリ,中カテゴリ,小カテゴリ,価格,アクセス数,お気に入り登録数,お問い合わせ数,注文情報,成約日,出品日,買付地,発送地,商品ページURL
★英国発*JADED LONDON*新作*Driftクロススタッズフレアデニム★,JADED LONDON,メンズ,パンツ・ボトムス,デニム・ジーパン,"¥23,281",314,35,3,1個,2025/11/03,2025/09/05,ロンドン,愛知県,https://www.buyma.com/item/121987303/
★ドイツ発*BERSHKA*新作*フレイドエッジデニムセットアップ★,Bershka,メンズ,セットアップ,,"¥21,341",146,11,1,1個,2025/11/02,2025/08/17,ドイツ,愛知県,https://www.buyma.com/item/121413719/
★ドイツ発*ZARA*新作*ストレートフィットデニム/GREY★,ZARA,メンズ,パンツ・ボトムス,デニム・ジーパン,"¥9,701",99,6,1,1個,2025/11/02,2025/08/28,ドイツ,愛知県,https://www.buyma.com/item/121700399/
★ドイツ発*THE NORTH FACE*新作*Italy フーディ/WHITE DUNE★,THE NORTH FACE,メンズ,トップス,パーカー・フーディ,"¥21,341","4,245",262,16,1個,2025/11/02,2025/08/24,ドイツ,愛知県,https://www.buyma.com/item/121586849/
★英国発*boohoo*新作*フラワーZIPフーディセットアップ/上下★,boohoo,メンズ,セットアップ,,"¥11,641","1,984",117,5,1個,2025/11/02,2025/10/03,イギリス,愛知県,https://www.buyma.com/item/123307960/
★ドイツ発*BERSHKA*新作*フレイドトリムデニムジャケット/GR★,Bershka,メンズ,アウター・ジャケット,デニムジャケット,"¥11,641",54,4,1,1個,2025/11/02,2025/08/17,ドイツ,愛知県,https://www.buyma.com/item/121413611/
★ドイツ発*THE NORTH FACE*新作*Italy フーディ/WHITE DUNE★,THE NORTH FACE,メンズ,トップス,パーカー・フーディ,"¥21,341","4,245",262,16,1個,2025/11/02,2025/08/24,ドイツ,愛知県,https://www.buyma.com/item/121586849/
★ドイツ発*CHAMPION X ZARA* STRIPED ニット★,ZARA,メンズ,トップス,ニット・セーター,"¥12,611",249,14,2,1個,2025/11/01,2025/09/30,ドイツ,愛知県,https://www.buyma.com/item/123166123/
★ドイツ発*ZARA*新作*WASHED フレアフィットデニム/LB★,ZARA,メンズ,パンツ・ボトムス,デニム・ジーパン,"¥11,980",881,60,2,1個,2025/11/01,2025/04/11,ドイツ,愛知県,https://www.buyma.com/item/117528159/
★ドイツ発*ZARA*新作*ブーツカットストレートデニム/DB★,ZARA,メンズ,パンツ・ボトムス,デニム・ジーパン,"¥9,701",27,2,0,1個,2025/11/01,2025/10/04,ドイツ,愛知県,https://www.buyma.com/item/123319017/
★英国発*boohoo*新作*M STAR フーディセットアップ/上下/BL★,boohoo,メンズ,セットアップ,,"¥11,641","6,331",494,11,1個,2025/11/01,2025/08/20,イギリス,愛知県,https://www.buyma.com/item/121473911/
★ドイツ発*BERSHKA*新作*フーデッドフェイクファージャケット★,Bershka,メンズ,アウター・ジャケット,ジャケットその他,"¥20,980",51,5,1,1個,2025/11/01,2025/10/11,ドイツ,愛知県,https://www.buyma.com/item/123565601/
★ドイツ発*ZARA*新作*ベーシックデニムジャケット/BLACK★,ZARA,メンズ,アウター・ジャケット,デニムジャケット,"¥9,980","3,162",162,2,1個,2025/11/01,2025/02/28,ドイツ,愛知県,https://www.buyma.com/item/116051828/
★ドイツ発*ZARA*新作*LIMITED EDITION デニムセットアップ/上下,ZARA,メンズ,セットアップ,,"¥26,191",255,16,1,1個,2025/11/01,2025/09/20,ドイツ,愛知県,https://www.buyma.com/item/122698551/
★ドイツ発*ZARA*新作*ツイストシームバギーデニム/MD★,ZARA,メンズ,パンツ・ボトムス,デニム・ジーパン,"¥11,641",67,2,1,1個,2025/11/01,2025/08/30,ドイツ,愛知県,https://www.buyma.com/item/121767964/
★ドイツ発*ZARA*新作*キルティング裏地チェックオーバーシャツ,ZARA,メンズ,トップス,シャツ,"¥14,551",161,5,0,1個,2025/11/01,2025/09/26,ドイツ,愛知県,https://www.buyma.com/item/122872287/
★ドイツ発*CHAMPION X ZARA*ロゴ刺繍スウェット/GREY★,ZARA,メンズ,トップス,スウェット・トレーナー,"¥12,611",679,42,4,1個,2025/11/01,2025/09/29,ドイツ,愛知県,https://www.buyma.com/item/123082310/
★ドイツ発*ZARA*新作*チャンキーソールスニーカー/WHITE★,ZARA,メンズ,靴・ブーツ・サンダル,スニーカー,"¥9,980",255,11,0,1個,2025/11/01,2025/06/19,ドイツ,愛知県,https://www.buyma.com/item/119522710/
★ドイツ発*ZARA*LIMITED EDITION STRIPE ジャガードニット★,ZARA,メンズ,トップス,ニット・セーター,"¥11,641",14,2,1,1個,2025/11/01,2025/08/07,ドイツ,愛知県,https://www.buyma.com/item/121064638/
★英国発*boohoo*新作*フラワーZIPフーディセットアップ/上下★,boohoo,メンズ,セットアップ,,"¥11,641","1,984",117,5,1個,2025/10/31,2025/10/03,イギリス,愛知県,https://www.buyma.com/item/123307960/
★ドイツ発*ZARA*新作*ダーティー加工ルーズバギーデニム★,ZARA,メンズ,パンツ・ボトムス,デニム・ジーパン,"¥12,611",888,29,4,1個,2025/10/31,2025/08/24,ドイツ,愛知県,https://www.buyma.com/item/121587673/
★ドイツ発*THE NORTH FACE*新作*Italy フーディ/WHITE DUNE★,THE NORTH FACE,メンズ,トップス,パーカー・フーディ,"¥21,341","4,245",262,16,1個,2025/10/31,2025/08/24,ドイツ,愛知県,https://www.buyma.com/item/121586849/
★英国発*boohoo*新作*SCRIPT フーディセットアップ/上下/B★,boohoo,メンズ,セットアップ,,"¥11,641","2,155",159,7,1個,2025/10/31,2025/10/03,イギリス,愛知県,https://www.buyma.com/item/123286191/
★ドイツ発*THE NORTH FACE*新作*Italy フーディ/WHITE DUNE★,THE NORTH FACE,メンズ,トップス,パーカー・フーディ,"¥21,341","4,245",262,16,1個,2025/10/31,2025/08/24,ドイツ,愛知県,https://www.buyma.com/item/121586849/
★ドイツ発*THE NORTH FACE*新作*UK フーディ/NAVY★,THE NORTH FACE,メンズ,トップス,パーカー・フーディ,"¥22,980","4,791",157,9,1個,2025/10/31,2025/08/24,ドイツ,愛知県,https://www.buyma.com/item/121586731/
★ドイツ発*THE NORTH FACE*新作*NSE 長袖Tシャツ/BLACK★,THE NORTH FACE,メンズ,トップス,Tシャツ・カットソー,"¥17,980",128,1,1,1個,2025/10/31,2025/03/20,ドイツ,愛知県,https://www.buyma.com/item/116808446/
★ドイツ発*ZARA*新作*Origins シーム長袖Tシャツ/WHITE★,ZARA,メンズ,トップス,Tシャツ・カットソー,"¥8,731",87,2,0,1個,2025/10/31,2025/09/27,ドイツ,愛知県,https://www.buyma.com/item/123021186/
★ドイツ発*carhartt WIP*新作*American Script フーディ/FD★,Carhartt,メンズ,トップス,パーカー・フーディ,"¥24,980",32,4,1,1個,2025/10/31,2025/03/01,ドイツ,愛知県,https://www.buyma.com/item/116090018/
★ドイツ発*ZARA*新作*バルーンフィットストライプパンツ/BH★,ZARA,メンズ,パンツ・ボトムス,パンツ・ボトムスその他,"¥11,641",285,21,1,1個,2025/10/31,2025/09/26,ドイツ,愛知県,https://www.buyma.com/item/122871265/
★ドイツ発*carhartt WIP*新作*OG Detroit ジャケット/OLIVE★,Carhartt,メンズ,アウター・ジャケット,ジャケットその他,"¥64,991",329,11,0,1個,2025/10/31,2025/09/24,ドイツ,愛知県,https://www.buyma.com/item/122812994/
